<?xml version="1.0" encoding="UTF-8"?>
<configuration>

    <appender name="FILE" class="ch.qos.logback.core.rolling.RollingFileAppender">
        <file>logs/app.log</file>
        <rollingPolicy class="ch.qos.logback.core.rolling.TimeBasedRollingPolicy">
            <fileNamePattern>logs/app-%d{yyyy-MM-dd}.log</fileNamePattern>
            <maxHistory>7</maxHistory>  
        </rollingPolicy>
        <encoder>
            <pattern>%d{yyyy-MM-dd HH:mm:ss} [%thread] %-5level %logger{36} %X{requestId}- %msg%n</pattern>
        </encoder>
    </appender>

    <appender name="CONSOLE" class="ch.qos.logback.core.ConsoleAppender">
        <encoder>
            <pattern>%d{yyyy-MM-dd HH:mm:ss} [%thread] %-5level %logger{36} %X{requestId}- %msg%n</pattern>
        </encoder>
    </appender>

    <root level="info">
        <appender-ref ref="FILE"/>
        <appender-ref ref="CONSOLE"/>
    </root>

    <logger name="com.example.rest_api_module" level="debug" additivity="false">
        <appender-ref ref="FILE"/>
        <appender-ref ref="CONSOLE"/>
    </logger>

    <logger name="com.example.calculator_module" level="debug" additivity="false">
        <appender-ref ref="FILE"/>
        <appender-ref ref="CONSOLE"/>
    </logger>

</configuration>